,indicator,coeff_indicator,p_value_indicator,r2_indicator,N_indicator,coeff_gdp,p_value_gdp,r2_gdp,N_gdp
0,urbanization,-0.25,0.0,0.0711340344034796,88,-2.162,0.0,0.2773863987955964,73
1,numeracy,0.211,0.0,0.171958487304599,185,0.552,0.0,0.1997624141753398,158
2,homicide_rate,-0.279,0.391,0.039704592268199,72,-1.482,0.054,0.1902294117208786,72
3,infant_mortality,-0.133,0.066,0.1245118130669115,44,-0.375,0.003,0.0772026940960846,44
4,Gender_equality_num,0.01,0.142,0.1331044889078582,78,0.036,0.079,0.0997223220194343,70
5,height,0.0,0.749,0.0495657029026866,168,0.009,0.081,0.0571995772694421,153
6,life_expectancy,0.11,0.0,0.0872975133639398,75,0.269,0.0,0.0905178683320777,73
7,wellbeing,2.048,0.003,0.2792891036133784,105,16.931,0.0,0.4831958740025892,84
